city,AQI,PM2.5,PM10,SO2,NO2,CO,O3,main_pollution,time
北京市,61,14,71,3,12,0.3,61,PM10,2019-02-04 00:00:00
天津市,104,41,157,8,21,0.9,53,PM10,2019-02-04 00:00:00
石家庄市,125,36,200,12,47,0.9,30,PM10,2019-02-04 00:00:00
唐山市,66,42,81,22,16,1.0,52,PM10,2019-02-04 00:00:00
秦皇岛市,55,25,60,12,22,0.9,48,PM10,2019-02-04 00:00:00
邯郸市,240,190,329,31,62,2.5,14,PM2.5,2019-02-04 00:00:00
邢台市,254,204,300,26,61,2.2,18,PM2.5,2019-02-04 00:00:00
保定市,102,42,153,6,18,0.7,54,PM10,2019-02-04 00:00:00
承德市,61,19,72,7,19,0.8,39,PM10,2019-02-04 00:00:00
沧州市,109,43,167,23,19,1.0,51,PM10,2019-02-04 00:00:00
廊坊市,68,22,85,4,16,0.5,56,PM10,2019-02-04 00:00:00
衡水市,190,143,227,24,30,1.6,56,PM2.5,2019-02-04 00:00:00
张家口市,58,22,66,9,9,0.6,63,PM10,2019-02-04 00:00:00
太原市,92,37,134,17,28,0.7,50,PM10,2019-02-04 00:00:00
大同市,103,30,156,17,10,0.5,70,PM10,2019-02-04 00:00:00
阳泉市,68,33,85,12,13,0.5,67,PM10,2019-02-04 00:00:00
长治市,60,30,70,26,36,1.0,49,PM10,2019-02-04 00:00:00
晋城市,62,14,73,12,13,0.5,76,PM10,2019-02-04 00:00:00
朔州市,85,18,119,10,7,0.4,77,PM10,2019-02-04 00:00:00
晋中市,90,59,130,72,40,1.0,30,PM10,2019-02-04 00:00:00
运城市,104,63,157,34,53,1.3,27,PM10,2019-02-04 00:00:00
忻州市,69,20,87,20,12,0.5,75,PM10,2019-02-04 00:00:00
临汾市,77,56,102,60,38,1.4,30,PM2.5,2019-02-04 00:00:00
吕梁市,89,49,127,76,26,0.8,38,PM10,2019-02-04 00:00:00
呼和浩特市,96,31,142,16,19,0.8,54,PM10,2019-02-04 00:00:00
包头市,86,44,122,28,49,1.4,29,PM10,2019-02-04 00:00:00
乌海市,77,35,104,28,20,1.0,56,PM10,2019-02-04 00:00:00
赤峰市,49,24,49,20,12,0.5,52,—,2019-02-04 00:00:00
通辽市,41,27,41,9,6,0.2,59,—,2019-02-04 00:00:00
鄂尔多斯市,80,22,110,9,12,0.6,69,PM10,2019-02-04 00:00:00
呼伦贝尔市,35,24,32,4,5,0.0,61,—,2019-02-04 00:00:00
巴彦淖尔市,100,32,150,10,8,0.6,64,PM10,2019-02-04 00:00:00
乌兰察布市,82,24,114,19,6,0.3,85,PM10,2019-02-04 00:00:00
兴安盟,30,21,27,6,7,0.3,58,—,2019-02-04 00:00:00
锡林郭勒盟,16,7,16,8,2,0.2,49,—,2019-02-04 00:00:00
阿拉善盟,63,32,76,8,6,0.5,88,PM10,2019-02-04 00:00:00
沈阳市,57,22,64,12,14,0.5,55,PM10,2019-02-04 00:00:00
大连市,58,23,66,10,10,0.6,63,PM10,2019-02-04 00:00:00
瓦房店市,62,19,74,18,20,0.7,60,PM10,2019-02-04 00:00:00
鞍山市,71,34,91,27,25,1.2,47,PM10,2019-02-04 00:00:00
抚顺市,55,9,60,10,6,0.4,67,PM10,2019-02-04 00:00:00
本溪市,59,19,68,12,10,0.8,56,PM10,2019-02-04 00:00:00
丹东市,61,32,72,12,8,0.5,62,PM10,2019-02-04 00:00:00
锦州市,32,16,32,31,16,0.8,55,—,2019-02-04 00:00:00
营口市,57,23,64,10,13,0.8,51,PM10,2019-02-04 00:00:00
阜新市,40,20,40,14,9,0.5,53,—,2019-02-04 00:00:00
辽阳市,68,28,86,10,16,0.6,47,PM10,2019-02-04 00:00:00
盘锦市,38,14,38,11,10,0.9,57,—,2019-02-04 00:00:00
铁岭市,44,12,44,5,8,0.3,62,—,2019-02-04 00:00:00
朝阳市,55,38,60,31,22,1.2,36,PM10,2019-02-04 00:00:00
葫芦岛市,29,13,29,15,10,0.6,66,—,2019-02-04 00:00:00
长春市,52,28,54,8,10,0.6,58,PM10,2019-02-04 00:00:00
吉林市,129,98,144,10,22,0.9,60,PM2.5,2019-02-04 00:00:00
四平市,71,50,92,4,8,0.5,54,PM10,2019-02-04 00:00:00
辽源市,97,72,95,36,13,0.7,56,PM2.5,2019-02-04 00:00:00
通化市,89,66,106,5,11,0.5,58,PM2.5,2019-02-04 00:00:00
白山市,102,76,122,10,7,0.8,64,PM2.5,2019-02-04 00:00:00
松原市,110,83,106,6,8,0.4,42,PM2.5,2019-02-04 00:00:00
白城市,97,72,79,11,28,0.6,70,PM2.5,2019-02-04 00:00:00
延边州,78,56,106,6,13,0.7,65,PM10,2019-02-04 00:00:00
哈尔滨市,45,24,45,31,16,0.6,48,—,2019-02-04 00:00:00
齐齐哈尔市,18,9,17,7,4,0.4,57,—,2019-02-04 00:00:00
鸡西市,54,19,58,4,8,0.6,58,PM10,2019-02-04 00:00:00
鹤岗市,34,23,34,10,5,0.3,60,—,2019-02-04 00:00:00
双鸭山市,42,29,34,6,11,0.5,45,—,2019-02-04 00:00:00
大庆市,28,15,28,9,8,0.2,64,—,2019-02-04 00:00:00
伊春市,32,22,26,4,9,0.2,50,—,2019-02-04 00:00:00
佳木斯市,33,22,33,10,8,0.6,54,—,2019-02-04 00:00:00
七台河市,66,36,82,15,13,0.4,60,PM10,2019-02-04 00:00:00
牡丹江市,62,41,74,2,8,0.4,61,PM10,2019-02-04 00:00:00
黑河市,42,22,42,12,19,0.7,38,—,2019-02-04 00:00:00
绥化市,59,42,48,4,3,0.5,40,PM2.5,2019-02-04 00:00:00
大兴安岭地区,64,46,69,26,19,0.8,36,PM2.5,2019-02-04 00:00:00
上海市,169,128,132,11,43,1.7,23,PM2.5,2019-02-04 00:00:00
南京市,180,136,162,7,48,1.4,15,PM2.5,2019-02-04 00:00:00
无锡市,148,113,135,7,32,1.8,23,PM2.5,2019-02-04 00:00:00
江阴市,193,145,170,10,38,1.8,17,PM2.5,2019-02-04 00:00:00
宜兴市,142,108,125,11,15,2.1,37,PM2.5,2019-02-04 00:00:00
徐州市,192,144,217,7,55,1.9,6,PM2.5,2019-02-04 00:00:00
常州市,145,111,138,6,35,1.4,24,PM2.5,2019-02-04 00:00:00
溧阳市,137,104,135,2,21,1.8,28,PM2.5,2019-02-04 00:00:00
金坛市,142,108,120,8,24,2.2,28,PM2.5,2019-02-04 00:00:00
苏州市,173,131,143,8,27,1.5,30,PM2.5,2019-02-04 00:00:00
常熟市,182,137,174,14,32,1.6,26,PM2.5,2019-02-04 00:00:00
张家港市,198,148,182,5,38,1.9,20,PM2.5,2019-02-04 00:00:00
昆山市,158,120,130,8,26,1.9,28,PM2.5,2019-02-04 00:00:00
吴江市,185,139,150,11,24,1.5,44,PM2.5,2019-02-04 00:00:00
太仓市,173,131,152,11,24,1.8,24,PM2.5,2019-02-04 00:00:00
南通市,207,157,170,6,24,1.6,22,PM2.5,2019-02-04 00:00:00
海门市,214,164,170,9,28,1.9,36,PM2.5,2019-02-04 00:00:00
连云港市,132,100,214,39,61,2.2,10,"PM10,PM2.5",2019-02-04 00:00:00
淮安市,193,145,224,6,41,2.0,19,PM2.5,2019-02-04 00:00:00
盐城市,247,197,244,4,30,1.7,28,PM2.5,2019-02-04 00:00:00
扬州市,201,151,170,7,28,1.4,27,PM2.5,2019-02-04 00:00:00
镇江市,200,150,164,5,39,1.4,23,PM2.5,2019-02-04 00:00:00
句容市,127,96,148,4,22,1.8,20,PM2.5,2019-02-04 00:00:00
泰州市,186,140,170,5,30,1.6,18,PM2.5,2019-02-04 00:00:00
宿迁市,186,140,220,9,36,2.0,33,PM2.5,2019-02-04 00:00:00
杭州市,119,90,111,7,17,1.2,49,PM2.5,2019-02-04 00:00:00
富阳市,83,61,77,2,3,1.4,32,PM2.5,2019-02-04 00:00:00
临安市,80,59,86,3,2,1.3,28,PM2.5,2019-02-04 00:00:00
宁波市,108,81,95,6,16,1.3,56,PM2.5,2019-02-04 00:00:00
温州市,78,57,99,6,16,1.4,48,PM2.5,2019-02-04 00:00:00
嘉兴市,144,110,132,6,21,1.3,42,PM2.5,2019-02-04 00:00:00
湖州市,120,91,114,6,14,1.3,46,PM2.5,2019-02-04 00:00:00
诸暨市,92,68,76,2,11,1.1,63,PM2.5,2019-02-04 00:00:00
金华市,54,38,46,4,13,0.9,56,PM2.5,2019-02-04 00:00:00
义乌市,7,—,—,3,—,0.7,—,—,2019-02-04 00:00:00
衢州市,54,38,55,3,9,0.9,58,PM2.5,2019-02-04 00:00:00
舟山市,93,69,99,4,17,1.4,51,PM2.5,2019-02-04 00:00:00
台州市,60,40,69,4,10,0.9,67,PM10,2019-02-04 00:00:00
丽水市,59,42,52,6,9,1.0,68,PM2.5,2019-02-04 00:00:00
绍兴市,122,92,107,5,14,1.2,50,PM2.5,2019-02-04 00:00:00
合肥市,192,144,134,3,40,1.6,16,PM2.5,2019-02-04 00:00:00
芜湖市,159,121,—,7,43,1.5,13,PM2.5,2019-02-04 00:00:00
蚌埠市,220,170,226,8,46,1.8,28,PM2.5,2019-02-04 00:00:00
淮南市,207,157,209,13,45,1.7,32,PM2.5,2019-02-04 00:00:00
马鞍山市,172,130,139,11,44,1.7,14,PM2.5,2019-02-04 00:00:00
淮北市,188,141,201,12,58,2.1,6,PM2.5,2019-02-04 00:00:00
铜陵市,143,109,140,14,35,1.4,25,PM2.5,2019-02-04 00:00:00
安庆市,162,123,125,11,20,1.2,34,PM2.5,2019-02-04 00:00:00
黄山市,64,46,68,11,13,1.0,48,PM2.5,2019-02-04 00:00:00
滁州市,196,147,180,10,40,1.7,20,PM2.5,2019-02-04 00:00:00
阜阳市,258,208,250,5,42,2.1,27,PM2.5,2019-02-04 00:00:00
宿州市,201,151,212,7,47,1.7,22,PM2.5,2019-02-04 00:00:00
六安市,169,128,164,4,53,1.5,21,PM2.5,2019-02-04 00:00:00
亳州市,183,138,176,4,44,1.3,30,PM2.5,2019-02-04 00:00:00
池州市,139,106,150,4,24,1.3,29,PM2.5,2019-02-04 00:00:00
宣城市,117,88,79,5,29,1.1,44,PM2.5,2019-02-04 00:00:00
福州市,138,105,123,5,51,1.5,10,PM2.5,2019-02-04 00:00:00
厦门市,55,27,59,4,35,0.6,33,PM10,2019-02-04 00:00:00
莆田市,145,111,113,8,38,1.4,22,PM2.5,2019-02-04 00:00:00
三明市,35,24,35,5,22,1.3,4,—,2019-02-04 00:00:00
泉州市,52,36,54,7,20,0.5,43,"PM10,PM2.5",2019-02-04 00:00:00
漳州市,63,33,76,2,24,0.9,42,PM10,2019-02-04 00:00:00
南平市,49,34,42,5,20,0.9,7,—,2019-02-04 00:00:00
龙岩市,29,18,29,6,23,0.6,11,—,2019-02-04 00:00:00
宁德市,122,92,118,8,42,2.7,2,PM2.5,2019-02-04 00:00:00
南昌市,84,62,93,4,12,1.1,54,PM2.5,2019-02-04 00:00:00
景德镇市,46,32,44,5,3,0.5,63,—,2019-02-04 00:00:00
萍乡市,98,73,112,10,13,1.3,47,PM2.5,2019-02-04 00:00:00
九江市,140,107,108,7,17,1.1,34,PM2.5,2019-02-04 00:00:00
新余市,80,59,91,11,15,1.1,52,PM2.5,2019-02-04 00:00:00
鹰潭市,58,41,57,8,10,0.4,75,PM2.5,2019-02-04 00:00:00
赣州市,64,44,78,7,11,1.8,60,PM10,2019-02-04 00:00:00
吉安市,63,44,76,4,12,0.9,60,PM10,2019-02-04 00:00:00
宜春市,79,58,89,13,18,1.1,59,PM2.5,2019-02-04 00:00:00
抚州市,64,46,67,6,5,0.8,72,PM2.5,2019-02-04 00:00:00
上饶市,54,35,57,6,7,0.9,55,PM10,2019-02-04 00:00:00
济南市,110,78,169,40,58,1.2,15,PM10,2019-02-04 00:00:00
章丘市,100,52,150,20,36,0.9,26,PM10,2019-02-04 00:00:00
青岛市,130,64,209,11,31,0.9,28,PM10,2019-02-04 00:00:00
胶州市,137,104,205,14,35,1.5,29,PM2.5,2019-02-04 00:00:00
即墨市,146,90,242,28,40,1.5,24,PM10,2019-02-04 00:00:00
平度市,129,64,207,28,40,2.0,20,PM10,2019-02-04 00:00:00
胶南市,108,80,166,11,12,1.0,56,PM10,2019-02-04 00:00:00
莱西市,119,60,187,18,12,1.2,44,PM10,2019-02-04 00:00:00
淄博市,147,108,244,58,57,2.2,9,PM10,2019-02-04 00:00:00
枣庄市,201,151,274,21,54,1.9,11,PM2.5,2019-02-04 00:00:00
东营市,135,88,219,16,45,1.3,16,PM10,2019-02-04 00:00:00
烟台市,73,26,96,6,14,0.3,60,PM10,2019-02-04 00:00:00
莱州市,110,41,169,15,21,1.2,45,PM10,2019-02-04 00:00:00
蓬莱市,60,22,70,6,8,0.6,90,PM10,2019-02-04 00:00:00
招远市,121,81,191,15,34,1.8,50,PM10,2019-02-04 00:00:00
潍坊市,192,144,253,44,60,1.9,8,PM2.5,2019-02-04 00:00:00
寿光市,175,132,258,57,65,2.6,7,PM2.5,2019-02-04 00:00:00
济宁市,155,118,247,23,58,1.9,11,PM2.5,2019-02-04 00:00:00
泰安市,121,78,191,42,53,1.6,35,PM10,2019-02-04 00:00:00
威海市,51,22,51,6,11,0.4,71,PM10,2019-02-04 00:00:00
文登市,61,17,72,3,14,0.8,65,PM10,2019-02-04 00:00:00
荣成市,52,20,54,6,16,0.5,75,PM10,2019-02-04 00:00:00
乳山市,97,27,144,4,16,1.0,54,PM10,2019-02-04 00:00:00
日照市,134,96,218,13,52,1.7,18,PM10,2019-02-04 00:00:00
莱芜市,135,103,213,31,51,1.7,13,PM2.5,2019-02-04 00:00:00
临沂市,147,112,226,60,55,1.5,17,PM2.5,2019-02-04 00:00:00
德州市,162,123,223,21,31,1.1,50,PM2.5,2019-02-04 00:00:00
聊城市,166,126,226,34,46,1.6,38,PM2.5,2019-02-04 00:00:00
滨州市,118,75,185,23,58,1.3,21,PM10,2019-02-04 00:00:00
菏泽市,131,92,212,10,13,1.1,74,PM10,2019-02-04 00:00:00
郑州市,72,25,94,15,34,0.6,58,PM10,2019-02-04 00:00:00
开封市,148,113,174,12,32,1.4,36,PM2.5,2019-02-04 00:00:00
洛阳市,88,36,125,14,32,0.6,40,PM10,2019-02-04 00:00:00
平顶山市,90,49,129,20,41,0.9,36,PM10,2019-02-04 00:00:00
安阳市,296,246,291,21,56,2.9,18,PM2.5,2019-02-04 00:00:00
鹤壁市,180,136,199,11,53,1.7,25,PM2.5,2019-02-04 00:00:00
新乡市,70,38,89,17,27,1.2,43,PM10,2019-02-04 00:00:00
焦作市,69,35,87,15,17,0.7,63,PM10,2019-02-04 00:00:00
濮阳市,147,112,191,11,25,1.3,52,PM2.5,2019-02-04 00:00:00
许昌市,93,42,135,11,37,1.1,36,PM10,2019-02-04 00:00:00
漯河市,147,112,196,10,60,1.2,12,PM2.5,2019-02-04 00:00:00
三门峡市,80,36,110,9,29,0.8,34,PM10,2019-02-04 00:00:00
南阳市,147,112,186,6,58,2.3,8,PM2.5,2019-02-04 00:00:00
商丘市,175,132,213,8,20,1.2,60,PM2.5,2019-02-04 00:00:00
信阳市,165,125,202,5,32,1.8,22,PM2.5,2019-02-04 00:00:00
周口市,204,154,263,13,24,1.3,65,PM2.5,2019-02-04 00:00:00
驻马店市,97,66,144,7,28,0.8,46,PM10,2019-02-04 00:00:00
武汉市,134,102,157,11,40,1.2,44,PM2.5,2019-02-04 00:00:00
黄石市,142,108,158,9,30,1.5,34,PM2.5,2019-02-04 00:00:00
十堰市,69,37,88,7,24,0.8,25,PM10,2019-02-04 00:00:00
宜昌市,125,95,139,9,43,1.6,7,PM2.5,2019-02-04 00:00:00
襄阳市,111,63,171,12,56,1.2,23,PM10,2019-02-04 00:00:00
鄂州市,143,109,171,10,50,1.9,19,PM2.5,2019-02-04 00:00:00
荆门市,102,47,153,13,56,0.8,19,PM10,2019-02-04 00:00:00
孝感市,137,104,213,14,36,1.7,34,PM2.5,2019-02-04 00:00:00
荆州市,108,62,165,12,57,1.4,7,PM10,2019-02-04 00:00:00
黄冈市,169,128,176,8,32,1.4,41,PM2.5,2019-02-04 00:00:00
咸宁市,117,88,158,6,26,1.1,22,PM2.5,2019-02-04 00:00:00
随州市,114,80,177,11,35,1.7,17,PM10,2019-02-04 00:00:00
恩施州,35,24,27,8,16,1.0,34,—,2019-02-04 00:00:00
长沙市,88,64,126,12,19,0.9,56,PM10,2019-02-04 00:00:00
株洲市,90,67,123,16,28,0.8,58,PM2.5,2019-02-04 00:00:00
湘潭市,91,60,132,20,22,0.9,58,PM10,2019-02-04 00:00:00
衡阳市,80,53,110,16,27,0.9,63,PM10,2019-02-04 00:00:00
邵阳市,79,38,108,12,18,0.8,64,PM10,2019-02-04 00:00:00
岳阳市,91,66,131,10,17,1.3,51,PM10,2019-02-04 00:00:00
常德市,119,90,157,11,32,1.4,28,PM2.5,2019-02-04 00:00:00
张家界市,85,63,100,5,16,1.1,22,PM2.5,2019-02-04 00:00:00
益阳市,103,74,156,8,20,1.2,61,PM10,2019-02-04 00:00:00
郴州市,72,52,84,10,14,1.1,70,PM2.5,2019-02-04 00:00:00
永州市,92,68,124,12,31,0.6,70,PM2.5,2019-02-04 00:00:00
怀化市,82,43,113,6,4,0.8,70,PM10,2019-02-04 00:00:00
娄底市,88,32,125,10,11,0.4,71,PM10,2019-02-04 00:00:00
湘西州,85,63,118,5,14,0.8,26,PM2.5,2019-02-04 00:00:00
广州市,58,39,65,4,66,1.1,18,PM10,2019-02-04 00:00:00
韶关市,60,43,56,12,16,1.2,56,PM2.5,2019-02-04 00:00:00
深圳市,50,26,50,5,31,0.6,27,—,2019-02-04 00:00:00
珠海市,55,26,59,5,15,0.9,58,PM10,2019-02-04 00:00:00
汕头市,69,50,56,8,21,0.9,65,PM2.5,2019-02-04 00:00:00
佛山市,59,33,67,6,43,0.9,26,PM10,2019-02-04 00:00:00
江门市,38,22,38,5,12,0.9,55,—,2019-02-04 00:00:00
湛江市,43,26,43,7,18,1.0,41,—,2019-02-04 00:00:00
茂名市,47,27,47,3,7,0.7,52,—,2019-02-04 00:00:00
肇庆市,48,33,48,5,23,0.8,44,—,2019-02-04 00:00:00
惠州市,60,37,70,7,39,1.1,29,PM10,2019-02-04 00:00:00
梅州市,52,36,38,6,24,0.9,12,PM2.5,2019-02-04 00:00:00
汕尾市,52,29,54,7,8,0.8,72,PM10,2019-02-04 00:00:00
河源市,49,34,38,5,30,1.4,22,—,2019-02-04 00:00:00
阳江市,50,26,50,4,6,0.8,72,—,2019-02-04 00:00:00
清远市,75,55,77,7,40,1.9,14,PM2.5,2019-02-04 00:00:00
东莞市,38,26,35,5,39,0.8,38,—,2019-02-04 00:00:00
中山市,44,28,44,4,33,0.7,26,—,2019-02-04 00:00:00
潮州市,90,67,69,7,18,1.5,39,PM2.5,2019-02-04 00:00:00
揭阳市,85,63,99,6,23,1.6,36,PM2.5,2019-02-04 00:00:00
云浮市,60,34,70,8,25,1.3,28,PM10,2019-02-04 00:00:00
南宁市,55,39,57,9,31,0.9,33,PM2.5,2019-02-04 00:00:00
柳州市,63,45,51,14,16,1.1,40,PM2.5,2019-02-04 00:00:00
桂林市,62,44,64,8,15,0.8,68,PM2.5,2019-02-04 00:00:00
梧州市,77,56,82,12,26,1.5,6,PM2.5,2019-02-04 00:00:00
北海市,45,31,42,6,12,0.8,59,—,2019-02-04 00:00:00
防城港市,28,19,21,6,13,0.8,52,—,2019-02-04 00:00:00
钦州市,39,27,35,6,17,0.7,44,—,2019-02-04 00:00:00
贵港市,112,84,105,35,29,1.1,37,PM2.5,2019-02-04 00:00:00
玉林市,97,72,100,11,25,1.2,26,PM2.5,2019-02-04 00:00:00
百色市,46,32,46,13,6,0.8,72,—,2019-02-04 00:00:00
贺州市,77,56,78,8,9,0.6,59,PM2.5,2019-02-04 00:00:00
河池市,63,45,56,8,14,0.8,26,PM2.5,2019-02-04 00:00:00
来宾市,188,141,181,10,32,1.4,20,PM2.5,2019-02-04 00:00:00
崇左市,98,73,126,3,24,0.9,11,PM2.5,2019-02-04 00:00:00
海口市,18,8,18,4,2,0.4,34,—,2019-02-04 00:00:00
三亚市,26,11,26,4,4,0.4,38,—,2019-02-04 00:00:00
重庆市,92,68,92,14,32,1.0,41,PM2.5,2019-02-04 00:00:00
成都市,92,68,104,7,50,0.9,28,PM2.5,2019-02-04 00:00:00
自贡市,84,61,118,5,39,1.1,36,PM10,2019-02-04 00:00:00
攀枝花市,33,18,33,17,32,1.0,46,—,2019-02-04 00:00:00
泸州市,95,71,80,6,52,1.5,12,PM2.5,2019-02-04 00:00:00
德阳市,123,93,116,8,39,1.0,34,PM2.5,2019-02-04 00:00:00
绵阳市,93,69,103,5,50,0.8,14,PM2.5,2019-02-04 00:00:00
广元市,55,19,60,7,34,0.9,31,PM10,2019-02-04 00:00:00
遂宁市,72,49,93,8,45,0.8,18,PM10,2019-02-04 00:00:00
内江市,73,53,92,14,62,1.1,17,PM2.5,2019-02-04 00:00:00
乐山市,107,80,131,8,42,1.0,25,PM2.5,2019-02-04 00:00:00
南充市,100,75,139,7,49,1.1,28,PM2.5,2019-02-04 00:00:00
眉山市,73,49,95,9,34,0.8,36,PM10,2019-02-04 00:00:00
宜宾市,109,82,122,13,52,1.1,15,PM2.5,2019-02-04 00:00:00
广安市,79,58,108,6,36,1.1,32,"PM10,PM2.5",2019-02-04 00:00:00
达州市,83,61,113,8,45,0.9,34,PM2.5,2019-02-04 00:00:00
雅安市,57,35,64,6,18,0.7,36,PM10,2019-02-04 00:00:00
巴中市,94,62,137,4,35,0.8,11,PM10,2019-02-04 00:00:00
资阳市,83,61,101,4,42,1.0,16,PM2.5,2019-02-04 00:00:00
阿坝州,29,20,24,8,4,0.9,53,—,2019-02-04 00:00:00
甘孜州,34,22,34,16,3,0.4,24,—,2019-02-04 00:00:00
凉山州,27,10,18,19,13,1.1,84,—,2019-02-04 00:00:00
贵阳市,46,32,44,16,11,0.8,64,—,2019-02-04 00:00:00
六盘水市,59,42,62,18,10,0.8,63,PM2.5,2019-02-04 00:00:00
遵义市,52,36,48,16,16,0.6,48,PM2.5,2019-02-04 00:00:00
安顺市,54,38,41,28,8,0.9,60,PM2.5,2019-02-04 00:00:00
铜仁地区,72,48,94,6,6,1.1,72,PM10,2019-02-04 00:00:00
黔西南州,62,44,59,4,12,0.8,44,PM2.5,2019-02-04 00:00:00
毕节市,39,27,38,8,6,0.7,73,—,2019-02-04 00:00:00
黔东南州,62,44,56,12,10,0.8,64,PM2.5,2019-02-04 00:00:00
黔南州,39,27,33,9,8,0.5,54,—,2019-02-04 00:00:00
昆明市,32,17,32,9,26,0.8,50,—,2019-02-04 00:00:00
曲靖市,45,7,45,6,8,0.6,56,—,2019-02-04 00:00:00
玉溪市,54,31,57,11,26,1.5,33,PM10,2019-02-04 00:00:00
保山市,22,14,20,5,6,0.4,68,—,2019-02-04 00:00:00
昭通市,58,36,65,8,19,1.0,57,PM10,2019-02-04 00:00:00
丽江市,20,7,16,5,6,0.6,64,—,2019-02-04 00:00:00
普洱市,36,23,36,4,16,0.6,28,—,2019-02-04 00:00:00
临沧市,70,51,59,10,8,0.8,46,PM2.5,2019-02-04 00:00:00
楚雄州,25,17,22,10,12,0.6,67,—,2019-02-04 00:00:00
红河州,30,21,29,8,4,0.5,70,—,2019-02-04 00:00:00
文山州,83,61,70,5,9,0.7,46,PM2.5,2019-02-04 00:00:00
西双版纳州,54,38,50,6,26,0.6,27,PM2.5,2019-02-04 00:00:00
大理州,27,8,16,3,4,0.6,86,—,2019-02-04 00:00:00
德宏州,52,36,46,5,12,0.8,46,PM2.5,2019-02-04 00:00:00
怒江州,38,26,25,8,6,1.0,52,—,2019-02-04 00:00:00
迪庆州,24,14,—,5,4,0.4,76,—,2019-02-04 00:00:00
拉萨市,58,37,65,7,36,1.0,36,PM10,2019-02-04 00:00:00
昌都市,21,7,21,2,9,1.3,44,—,2019-02-04 00:00:00
山南市,26,8,26,4,4,0.6,76,—,2019-02-04 00:00:00
日喀则市,34,22,34,8,8,0.4,64,—,2019-02-04 00:00:00
那曲地区,59,40,68,3,6,1.4,30,PM10,2019-02-04 00:00:00
阿里地区,16,8,10,20,31,0.5,50,—,2019-02-04 00:00:00
林芝市,28,9,11,1,3,0.6,89,—,2019-02-04 00:00:00
西安市,69,38,88,8,38,0.7,40,PM10,2019-02-04 00:00:00
铜川市,72,42,93,24,20,0.8,47,PM10,2019-02-04 00:00:00
宝鸡市,79,58,93,7,28,1.0,35,PM2.5,2019-02-04 00:00:00
咸阳市,87,64,84,10,31,0.7,43,PM2.5,2019-02-04 00:00:00
渭南市,68,32,86,7,29,0.7,55,PM10,2019-02-04 00:00:00
延安市,64,32,78,24,52,2.2,7,PM10,2019-02-04 00:00:00
汉中市,119,90,119,9,24,1.5,31,PM2.5,2019-02-04 00:00:00
榆林市,83,54,116,29,48,0.9,32,PM10,2019-02-04 00:00:00
安康市,87,56,124,16,26,1.2,22,PM10,2019-02-04 00:00:00
商洛市,59,33,68,4,12,0.6,56,PM10,2019-02-04 00:00:00
兰州市,64,37,78,17,48,1.1,28,PM10,2019-02-04 00:00:00
嘉峪关市,26,10,26,2,6,0.3,83,—,2019-02-04 00:00:00
金昌市,26,8,17,1,5,0.4,83,—,2019-02-04 00:00:00
白银市,69,34,87,186,23,1.0,42,PM10,2019-02-04 00:00:00
天水市,73,50,96,22,30,1.1,32,PM10,2019-02-04 00:00:00
武威市,43,23,43,4,14,0.6,67,—,2019-02-04 00:00:00
张掖市,47,28,47,18,10,0.6,55,—,2019-02-04 00:00:00
平凉市,76,36,102,22,36,1.4,28,PM10,2019-02-04 00:00:00
酒泉市,51,34,52,16,24,0.7,59,PM10,2019-02-04 00:00:00
庆阳市,66,28,81,14,12,0.6,69,PM10,2019-02-04 00:00:00
定西市,71,43,92,22,26,1.2,38,PM10,2019-02-04 00:00:00
陇南市,45,31,33,15,25,1.0,48,—,2019-02-04 00:00:00
临夏州,72,40,94,29,30,1.8,24,PM10,2019-02-04 00:00:00
甘南州,53,31,55,18,20,0.9,70,PM10,2019-02-04 00:00:00
西宁市,65,42,80,18,50,1.3,24,PM10,2019-02-04 00:00:00
海东地区,83,61,100,20,41,1.0,22,PM2.5,2019-02-04 00:00:00
海北州,29,19,24,10,6,0.8,90,—,2019-02-04 00:00:00
黄南州,73,40,95,20,18,0.9,36,PM10,2019-02-04 00:00:00
海南州,33,23,25,18,17,0.8,62,—,2019-02-04 00:00:00
果洛州,32,8,32,24,5,0.5,81,—,2019-02-04 00:00:00
玉树州,54,6,58,2,3,0.5,76,PM10,2019-02-04 00:00:00
海西州,39,17,39,12,6,0.5,83,—,2019-02-04 00:00:00
银川市,70,23,90,8,12,0.7,70,PM10,2019-02-04 00:00:00
石嘴山市,82,34,113,25,31,1.2,46,PM10,2019-02-04 00:00:00
吴忠市,119,90,182,23,45,1.7,19,PM2.5,2019-02-04 00:00:00
固原市,68,29,86,12,28,0.9,51,PM10,2019-02-04 00:00:00
中卫市,139,106,202,42,41,1.8,28,PM2.5,2019-02-04 00:00:00
乌鲁木齐市,112,84,89,9,62,1.4,22,PM2.5,2019-02-04 00:00:00
克拉玛依市,44,18,44,4,29,0.9,51,—,2019-02-04 00:00:00
吐鲁番地区,135,68,220,24,50,2.6,18,PM10,2019-02-04 00:00:00
哈密地区,115,40,180,6,28,2.8,32,PM10,2019-02-04 00:00:00
昌吉州,142,108,143,20,75,1.1,10,PM2.5,2019-02-04 00:00:00
博州,68,41,85,7,56,2.8,20,PM10,2019-02-04 00:00:00
库尔勒市,500,142,810,5,18,0.7,49,PM10,2019-02-04 00:00:00
阿克苏地区,468,123,568,14,69,2.2,14,PM10,2019-02-04 00:00:00
克州,230,95,371,6,23,1.1,57,PM10,2019-02-04 00:00:00
喀什地区,482,200,582,20,70,4.4,17,PM10,2019-02-04 00:00:00
和田地区,260,78,392,26,42,1.2,30,PM10,2019-02-04 00:00:00
伊犁哈萨克州,156,119,134,40,91,4.5,15,PM2.5,2019-02-04 00:00:00
塔城地区,49,23,49,3,6,0.8,76,—,2019-02-04 00:00:00
阿勒泰地区,20,13,20,1,5,0.9,39,—,2019-02-04 00:00:00
石河子市,92,68,84,8,54,1.2,30,PM2.5,2019-02-04 00:00:00
五家渠市,110,83,104,12,38,1.3,35,PM2.5,2019-02-04 00:00:00
北京市,56,13,62,3,12,0.3,58,PM10,2019-02-04 01:00:00
天津市,96,39,141,8,19,0.8,54,PM10,2019-02-04 01:00:00
石家庄市,128,40,206,12,47,0.8,28,PM10,2019-02-04 01:00:00
唐山市,62,39,73,16,18,0.8,50,PM10,2019-02-04 01:00:00
秦皇岛市,53,23,56,12,16,0.8,54,PM10,2019-02-04 01:00:00
邯郸市,260,210,340,31,62,2.6,10,PM2.5,2019-02-04 01:00:00
邢台市,267,217,304,26,63,2.4,14,PM2.5,2019-02-04 01:00:00
保定市,96,40,142,23,19,0.7,52,PM10,2019-02-04 01:00:00
承德市,57,22,63,7,21,0.9,34,PM10,2019-02-04 01:00:00
沧州市,97,40,143,16,11,0.8,60,PM10,2019-02-04 01:00:00
廊坊市,61,24,71,4,14,0.5,59,PM10,2019-02-04 01:00:00
衡水市,209,159,241,28,31,1.6,53,PM2.5,2019-02-04 01:00:00
张家口市,57,24,64,8,8,0.6,62,PM10,2019-02-04 01:00:00
太原市,96,40,141,22,34,0.8,40,PM10,2019-02-04 01:00:00
大同市,84,25,117,31,14,0.6,64,PM10,2019-02-04 01:00:00
阳泉市,67,32,84,23,20,0.6,54,PM10,2019-02-04 01:00:00
长治市,60,29,69,22,35,1.0,47,PM10,2019-02-04 01:00:00
晋城市,60,16,69,13,17,0.7,65,PM10,2019-02-04 01:00:00
朔州市,79,16,107,6,5,0.5,79,PM10,2019-02-04 01:00:00
晋中市,89,63,127,68,40,1.1,28,PM10,2019-02-04 01:00:00
运城市,100,71,149,36,47,1.4,30,PM10,2019-02-04 01:00:00
忻州市,69,20,87,18,15,0.6,68,PM10,2019-02-04 01:00:00
临汾市,82,60,107,56,34,1.7,28,PM2.5,2019-02-04 01:00:00
吕梁市,85,46,120,74,22,0.8,41,PM10,2019-02-04 01:00:00
呼和浩特市,87,32,124,15,19,0.9,53,PM10,2019-02-04 01:00:00
包头市,86,45,121,33,50,1.7,26,PM10,2019-02-04 01:00:00
乌海市,74,29,97,34,19,1.1,52,PM10,2019-02-04 01:00:00
赤峰市,43,25,43,32,14,0.8,42,—,2019-02-04 01:00:00
通辽市,38,25,38,12,9,0.3,54,—,2019-02-04 01:00:00
鄂尔多斯市,77,20,104,12,13,0.6,66,PM10,2019-02-04 01:00:00
呼伦贝尔市,32,22,32,4,6,0.3,61,—,2019-02-04 01:00:00
巴彦淖尔市,102,34,154,10,6,0.5,68,PM10,2019-02-04 01:00:00
乌兰察布市,69,22,88,18,5,0.2,88,PM10,2019-02-04 01:00:00
兴安盟,26,17,26,5,6,0.2,62,—,2019-02-04 01:00:00
锡林郭勒盟,17,4,14,5,2,0.2,54,—,2019-02-04 01:00:00
阿拉善盟,68,30,85,10,6,0.6,86,PM10,2019-02-04 01:00:00
沈阳市,54,21,57,14,17,0.5,50,PM10,2019-02-04 01:00:00
大连市,56,21,61,11,10,0.6,62,PM10,2019-02-04 01:00:00
瓦房店市,64,21,78,20,18,0.8,58,PM10,2019-02-04 01:00:00
鞍山市,67,28,83,22,24,1.0,45,PM10,2019-02-04 01:00:00
抚顺市,42,11,42,10,8,0.4,64,—,2019-02-04 01:00:00
本溪市,54,14,58,12,10,0.7,56,PM10,2019-02-04 01:00:00
丹东市,58,27,65,11,6,0.5,62,PM10,2019-02-04 01:00:00
锦州市,32,22,32,30,17,0.8,51,—,2019-02-04 01:00:00
营口市,54,20,57,12,13,0.5,53,PM10,2019-02-04 01:00:00
阜新市,38,25,38,16,9,0.6,49,—,2019-02-04 01:00:00
辽阳市,63,30,76,14,16,0.6,43,PM10,2019-02-04 01:00:00
盘锦市,29,13,29,11,10,0.8,57,—,2019-02-04 01:00:00
铁岭市,30,13,30,5,8,0.2,63,—,2019-02-04 01:00:00
朝阳市,55,38,60,29,23,1.2,31,PM10,2019-02-04 01:00:00
葫芦岛市,30,14,30,21,13,0.8,60,—,2019-02-04 01:00:00
长春市,39,23,39,9,8,0.6,58,—,2019-02-04 01:00:00
吉林市,85,63,102,9,16,0.8,58,PM2.5,2019-02-04 01:00:00
四平市,61,33,72,4,6,0.5,56,PM10,2019-02-04 01:00:00
辽源市,89,66,88,46,6,0.6,60,PM2.5,2019-02-04 01:00:00
通化市,70,51,82,6,12,0.7,56,PM2.5,2019-02-04 01:00:00
白山市,77,53,104,10,6,0.9,62,PM10,2019-02-04 01:00:00
松原市,79,58,88,4,5,0.3,47,PM2.5,2019-02-04 01:00:00
白城市,227,177,—,17,55,1.0,54,PM2.5,2019-02-04 01:00:00
延边州,76,51,102,11,10,0.7,62,PM10,2019-02-04 01:00:00
哈尔滨市,41,17,41,28,12,0.5,51,—,2019-02-04 01:00:00
齐齐哈尔市,18,10,15,7,4,0.4,56,—,2019-02-04 01:00:00
鸡西市,61,18,72,4,7,0.4,60,PM10,2019-02-04 01:00:00
鹤岗市,42,24,42,9,4,0.5,60,—,2019-02-04 01:00:00
双鸭山市,40,26,40,6,9,0.5,46,—,2019-02-04 01:00:00
大庆市,29,13,29,11,9,0.3,64,—,2019-02-04 01:00:00
伊春市,28,19,24,4,6,0.4,52,—,2019-02-04 01:00:00
佳木斯市,26,16,26,10,9,0.6,54,—,2019-02-04 01:00:00
七台河市,58,32,66,10,7,0.4,60,PM10,2019-02-04 01:00:00
牡丹江市,53,37,53,1,7,0.3,61,PM2.5,2019-02-04 01:00:00
黑河市,36,20,36,8,14,0.6,42,—,2019-02-04 01:00:00
绥化市,29,20,27,4,2,0.4,43,—,2019-02-04 01:00:00
大兴安岭地区,57,40,64,30,19,0.8,32,"PM10,PM2.5",2019-02-04 01:00:00
上海市,188,141,142,10,43,1.7,22,PM2.5,2019-02-04 01:00:00
南京市,180,136,162,7,46,1.4,13,PM2.5,2019-02-04 01:00:00
无锡市,152,116,139,7,30,1.7,23,PM2.5,2019-02-04 01:00:00
江阴市,193,145,176,10,30,1.9,26,PM2.5,2019-02-04 01:00:00
宜兴市,139,106,128,10,14,2.1,34,PM2.5,2019-02-04 01:00:00
徐州市,188,141,212,7,52,1.9,7,PM2.5,2019-02-04 01:00:00
常州市,147,112,140,6,35,1.4,22,PM2.5,2019-02-04 01:00:00
溧阳市,133,101,138,2,20,1.8,28,PM2.5,2019-02-04 01:00:00
金坛市,143,109,123,10,26,2.2,24,PM2.5,2019-02-04 01:00:00
苏州市,175,132,147,8,28,1.6,26,PM2.5,2019-02-04 01:00:00
常熟市,192,144,186,14,33,1.6,27,PM2.5,2019-02-04 01:00:00
张家港市,202,152,174,5,32,1.8,24,PM2.5,2019-02-04 01:00:00
昆山市,160,122,138,8,26,2.0,26,PM2.5,2019-02-04 01:00:00
吴江市,186,140,154,10,26,1.5,40,PM2.5,2019-02-04 01:00:00
太仓市,186,140,158,12,30,2.1,16,PM2.5,2019-02-04 01:00:00
南通市,206,156,177,6,20,1.6,23,PM2.5,2019-02-04 01:00:00
海门市,216,166,176,10,29,1.9,36,PM2.5,2019-02-04 01:00:00
连云港市,137,104,208,28,60,2.2,8,PM2.5,2019-02-04 01:00:00
淮安市,195,146,219,6,39,2.1,18,PM2.5,2019-02-04 01:00:00
盐城市,230,180,238,4,29,1.6,28,PM2.5,2019-02-04 01:00:00
扬州市,198,148,175,7,24,1.4,30,PM2.5,2019-02-04 01:00:00
镇江市,199,149,159,4,41,1.4,18,PM2.5,2019-02-04 01:00:00
句容市,120,91,146,4,21,1.8,20,PM2.5,2019-02-04 01:00:00
泰州市,180,136,170,5,30,1.6,14,PM2.5,2019-02-04 01:00:00
宿迁市,186,140,220,8,40,2.1,28,PM2.5,2019-02-04 01:00:00
杭州市,124,94,116,7,15,1.2,49,PM2.5,2019-02-04 01:00:00
富阳市,84,62,78,2,3,1.4,31,PM2.5,2019-02-04 01:00:00
临安市,82,60,88,3,2,1.3,24,PM2.5,2019-02-04 01:00:00
宁波市,112,84,100,6,16,1.4,58,PM2.5,2019-02-04 01:00:00
温州市,84,62,105,6,15,1.4,44,PM2.5,2019-02-04 01:00:00
嘉兴市,149,114,152,6,21,1.3,39,PM2.5,2019-02-04 01:00:00
湖州市,125,95,120,6,16,1.3,42,PM2.5,2019-02-04 01:00:00
诸暨市,92,68,72,2,11,1.1,60,PM2.5,2019-02-04 01:00:00
金华市,58,41,46,4,12,0.9,54,PM2.5,2019-02-04 01:00:00
义乌市,25,—,—,3,10,0.7,79,—,2019-02-04 01:00:00
衢州市,58,41,54,3,9,0.9,55,PM2.5,2019-02-04 01:00:00
舟山市,103,77,109,5,17,1.4,52,PM2.5,2019-02-04 01:00:00
台州市,57,37,64,4,9,0.8,69,PM10,2019-02-04 01:00:00
丽水市,52,36,48,6,7,0.9,74,PM2.5,2019-02-04 01:00:00
绍兴市,127,96,112,6,14,1.2,50,PM2.5,2019-02-04 01:00:00
合肥市,186,140,126,3,40,1.6,11,PM2.5,2019-02-04 01:00:00
芜湖市,159,121,117,7,39,1.5,22,PM2.5,2019-02-04 01:00:00
蚌埠市,214,164,217,7,46,1.8,22,PM2.5,2019-02-04 01:00:00
淮南市,207,157,207,11,45,1.8,31,PM2.5,2019-02-04 01:00:00
马鞍山市,168,127,145,13,45,1.6,11,PM2.5,2019-02-04 01:00:00
淮北市,193,145,195,8,55,2.0,11,PM2.5,2019-02-04 01:00:00
铜陵市,152,116,141,11,30,1.4,20,PM2.5,2019-02-04 01:00:00
安庆市,166,126,129,11,17,1.2,41,PM2.5,2019-02-04 01:00:00
黄山市,58,41,56,8,13,1.0,39,PM2.5,2019-02-04 01:00:00
滁州市,196,147,181,8,46,1.8,18,PM2.5,2019-02-04 01:00:00
阜阳市,266,216,249,4,37,1.9,30,PM2.5,2019-02-04 01:00:00
宿州市,204,154,210,7,48,1.8,18,PM2.5,2019-02-04 01:00:00
六安市,176,133,174,4,55,1.6,35,PM2.5,2019-02-04 01:00:00
亳州市,195,146,192,2,34,1.2,44,PM2.5,2019-02-04 01:00:00
池州市,158,120,172,3,24,1.3,30,PM2.5,2019-02-04 01:00:00
宣城市,102,76,82,6,25,1.1,39,PM2.5,2019-02-04 01:00:00
福州市,125,95,102,4,41,1.4,15,PM2.5,2019-02-04 01:00:00
厦门市,51,25,51,3,17,0.5,45,PM10,2019-02-04 01:00:00
莆田市,240,190,—,16,43,1.8,24,PM2.5,2019-02-04 01:00:00
三明市,33,22,33,6,19,1.7,4,—,2019-02-04 01:00:00
泉州市,73,53,92,9,22,0.6,42,PM2.5,2019-02-04 01:00:00
漳州市,64,32,77,3,23,0.9,34,PM10,2019-02-04 01:00:00
南平市,46,32,34,4,19,0.9,6,—,2019-02-04 01:00:00
龙岩市,25,15,25,5,21,0.5,9,—,2019-02-04 01:00:00
宁德市,80,59,96,8,20,1.5,36,PM2.5,2019-02-04 01:00:00
南昌市,89,66,88,4,11,1.1,52,PM2.5,2019-02-04 01:00:00
景德镇市,44,26,44,5,4,0.5,59,—,2019-02-04 01:00:00
萍乡市,92,68,106,10,12,1.2,48,PM2.5,2019-02-04 01:00:00
九江市,145,111,109,6,17,1.1,31,PM2.5,2019-02-04 01:00:00
新余市,78,57,96,8,13,1.1,51,PM2.5,2019-02-04 01:00:00
鹰潭市,58,41,55,7,8,0.4,72,PM2.5,2019-02-04 01:00:00
赣州市,65,47,74,6,10,1.6,64,PM2.5,2019-02-04 01:00:00
吉安市,59,39,68,5,12,0.9,59,PM10,2019-02-04 01:00:00
宜春市,73,53,85,17,17,1.3,55,PM2.5,2019-02-04 01:00:00
抚州市,68,49,68,6,4,0.8,70,PM2.5,2019-02-04 01:00:00
上饶市,51,34,52,6,7,0.9,49,PM10,2019-02-04 01:00:00
济南市,106,72,161,32,52,1.1,18,PM10,2019-02-04 01:00:00
章丘市,98,48,146,18,20,0.8,45,PM10,2019-02-04 01:00:00
青岛市,132,61,214,11,32,0.9,25,PM10,2019-02-04 01:00:00
胶州市,132,100,210,11,33,1.4,26,PM2.5,2019-02-04 01:00:00
即墨市,141,83,232,19,31,1.2,31,PM10,2019-02-04 01:00:00
平度市,124,66,198,22,28,1.8,26,PM10,2019-02-04 01:00:00
胶南市,128,72,206,12,10,0.8,62,PM10,2019-02-04 01:00:00
莱西市,121,63,192,18,13,1.2,40,PM10,2019-02-04 01:00:00
淄博市,144,106,238,56,52,2.2,11,PM10,2019-02-04 01:00:00
枣庄市,189,142,272,18,43,1.6,18,PM2.5,2019-02-04 01:00:00
东营市,135,98,220,25,46,1.4,14,PM10,2019-02-04 01:00:00
烟台市,64,20,78,6,14,0.2,62,PM10,2019-02-04 01:00:00
莱州市,102,35,154,11,13,1.0,53,PM10,2019-02-04 01:00:00
蓬莱市,56,14,62,6,6,0.6,89,PM10,2019-02-04 01:00:00
招远市,134,102,194,14,33,1.9,70,PM2.5,2019-02-04 01:00:00
潍坊市,190,143,256,32,54,1.8,10,PM2.5,2019-02-04 01:00:00
寿光市,210,160,312,58,65,2.8,8,PM2.5,2019-02-04 01:00:00
济宁市,152,116,242,25,51,1.7,19,PM2.5,2019-02-04 01:00:00
泰安市,123,93,184,41,52,1.7,35,PM2.5,2019-02-04 01:00:00
威海市,51,16,52,5,9,0.3,72,PM10,2019-02-04 01:00:00
文登市,57,14,63,3,14,0.8,66,PM10,2019-02-04 01:00:00
荣成市,48,11,48,6,16,0.5,73,—,2019-02-04 01:00:00
乳山市,97,26,144,4,16,1.0,54,PM10,2019-02-04 01:00:00
日照市,135,103,220,12,51,1.8,16,"PM10,PM2.5",2019-02-04 01:00:00
莱芜市,145,111,214,28,50,1.8,9,PM2.5,2019-02-04 01:00:00
临沂市,160,122,228,54,55,1.6,14,PM2.5,2019-02-04 01:00:00
德州市,183,138,246,22,28,1.2,49,PM2.5,2019-02-04 01:00:00
聊城市,172,130,225,32,40,1.5,43,PM2.5,2019-02-04 01:00:00
滨州市,119,72,187,22,51,1.4,26,PM10,2019-02-04 01:00:00
菏泽市,155,118,234,10,16,1.2,66,PM2.5,2019-02-04 01:00:00
郑州市,70,26,89,16,31,0.6,60,PM10,2019-02-04 01:00:00
开封市,110,83,149,11,27,1.2,37,PM2.5,2019-02-04 01:00:00
洛阳市,85,38,119,10,29,0.5,45,PM10,2019-02-04 01:00:00
平顶山市,93,51,135,16,35,0.9,39,PM10,2019-02-04 01:00:00
安阳市,271,221,295,22,57,3.1,13,PM2.5,2019-02-04 01:00:00
鹤壁市,168,127,187,11,49,1.8,21,PM2.5,2019-02-04 01:00:00
新乡市,67,36,83,15,34,1.1,32,PM10,2019-02-04 01:00:00
焦作市,66,31,81,17,17,0.7,60,PM10,2019-02-04 01:00:00
濮阳市,155,118,203,9,30,1.4,40,PM2.5,2019-02-04 01:00:00
许昌市,93,38,136,10,24,1.0,48,PM10,2019-02-04 01:00:00
漯河市,149,114,193,10,58,1.1,11,PM2.5,2019-02-04 01:00:00
三门峡市,82,55,114,11,30,1.1,29,PM10,2019-02-04 01:00:00
南阳市,149,114,185,5,49,2.0,13,PM2.5,2019-02-04 01:00:00
商丘市,212,162,214,8,18,1.4,67,PM2.5,2019-02-04 01:00:00
信阳市,160,122,176,4,27,1.6,19,PM2.5,2019-02-04 01:00:00
周口市,196,147,267,12,20,1.3,68,PM2.5,2019-02-04 01:00:00
驻马店市,94,67,137,7,30,0.9,35,PM10,2019-02-04 01:00:00
武汉市,137,104,154,11,38,1.2,44,PM2.5,2019-02-04 01:00:00
黄石市,143,109,165,10,28,1.5,34,PM2.5,2019-02-04 01:00:00
十堰市,63,33,76,6,21,0.8,25,PM10,2019-02-04 01:00:00
宜昌市,125,95,135,8,35,1.5,8,PM2.5,2019-02-04 01:00:00
襄阳市,104,64,157,11,54,1.2,19,PM10,2019-02-04 01:00:00
鄂州市,149,114,169,9,46,1.9,19,PM2.5,2019-02-04 01:00:00
荆门市,93,50,136,10,45,0.8,18,PM10,2019-02-04 01:00:00
孝感市,139,106,211,12,36,1.8,26,PM2.5,2019-02-04 01:00:00
荆州市,109,64,168,11,46,1.2,12,PM10,2019-02-04 01:00:00
黄冈市,169,128,176,6,31,1.3,36,PM2.5,2019-02-04 01:00:00
咸宁市,117,88,148,7,24,1.1,21,PM2.5,2019-02-04 01:00:00
随州市,119,86,187,9,26,1.5,24,PM10,2019-02-04 01:00:00
恩施州,29,20,26,8,16,0.6,34,—,2019-02-04 01:00:00
长沙市,87,64,121,11,19,1.0,53,PM2.5,2019-02-04 01:00:00
株洲市,94,70,125,17,25,0.9,59,PM2.5,2019-02-04 01:00:00
湘潭市,89,58,128,19,21,1.0,54,PM10,2019-02-04 01:00:00
衡阳市,80,53,110,16,26,1.0,61,PM10,2019-02-04 01:00:00
邵阳市,80,39,109,12,16,0.8,65,PM10,2019-02-04 01:00:00
岳阳市,91,65,131,9,16,1.4,49,PM10,2019-02-04 01:00:00
常德市,110,83,151,10,26,1.3,34,PM2.5,2019-02-04 01:00:00
张家界市,80,59,94,5,19,1.0,18,PM2.5,2019-02-04 01:00:00
益阳市,100,74,150,8,20,1.2,58,PM10,2019-02-04 01:00:00
郴州市,77,56,88,10,14,1.1,69,PM2.5,2019-02-04 01:00:00
永州市,87,62,124,11,29,0.6,70,PM10,2019-02-04 01:00:00
怀化市,79,40,108,5,5,0.9,67,PM10,2019-02-04 01:00:00
娄底市,87,31,124,10,12,0.5,71,PM10,2019-02-04 01:00:00
湘西州,82,60,106,6,18,1.0,20,PM2.5,2019-02-04 01:00:00
广州市,56,38,61,4,61,1.1,15,PM10,2019-02-04 01:00:00
韶关市,60,43,53,11,12,1.2,63,PM2.5,2019-02-04 01:00:00
深圳市,49,27,49,5,29,0.7,25,—,2019-02-04 01:00:00
珠海市,54,28,57,5,14,0.9,51,PM10,2019-02-04 01:00:00
汕头市,62,44,68,8,16,0.8,68,PM2.5,2019-02-04 01:00:00
佛山市,58,34,66,6,37,0.9,26,PM10,2019-02-04 01:00:00
江门市,41,22,41,5,13,1.1,47,—,2019-02-04 01:00:00
湛江市,55,22,59,6,12,0.9,45,PM10,2019-02-04 01:00:00
茂名市,51,28,51,3,5,0.6,53,PM10,2019-02-04 01:00:00
肇庆市,52,36,52,6,22,0.8,38,PM2.5,2019-02-04 01:00:00
惠州市,55,35,60,7,38,1.1,20,PM10,2019-02-04 01:00:00
梅州市,46,32,41,5,20,0.8,10,—,2019-02-04 01:00:00
汕尾市,53,26,56,7,8,0.8,65,PM10,2019-02-04 01:00:00
河源市,44,29,44,6,25,1.1,22,—,2019-02-04 01:00:00
阳江市,46,26,46,4,4,0.8,72,—,2019-02-04 01:00:00
清远市,72,52,63,7,29,1.4,21,PM2.5,2019-02-04 01:00:00
东莞市,48,33,41,6,42,0.9,31,—,2019-02-04 01:00:00
中山市,55,25,60,4,22,0.7,32,PM10,2019-02-04 01:00:00
潮州市,82,60,84,6,13,1.2,46,PM2.5,2019-02-04 01:00:00
揭阳市,83,61,110,6,22,1.5,32,PM2.5,2019-02-04 01:00:00
云浮市,54,32,58,6,25,1.2,30,PM10,2019-02-04 01:00:00
南宁市,54,38,56,9,31,0.9,27,PM2.5,2019-02-04 01:00:00
柳州市,57,40,51,10,15,1.1,38,PM2.5,2019-02-04 01:00:00
桂林市,66,47,82,8,15,0.7,72,PM10,2019-02-04 01:00:00
梧州市,77,56,77,12,21,1.3,6,PM2.5,2019-02-04 01:00:00
北海市,49,28,49,6,11,0.8,57,—,2019-02-04 01:00:00
防城港市,25,17,19,6,17,0.8,51,—,2019-02-04 01:00:00
钦州市,39,27,38,6,12,0.7,46,—,2019-02-04 01:00:00
贵港市,94,70,108,19,22,1.1,39,PM2.5,2019-02-04 01:00:00
玉林市,97,72,100,11,24,1.2,25,PM2.5,2019-02-04 01:00:00
百色市,43,30,42,14,6,0.8,72,—,2019-02-04 01:00:00
贺州市,67,48,80,8,8,0.6,62,PM2.5,2019-02-04 01:00:00
河池市,60,43,50,6,15,0.9,23,PM2.5,2019-02-04 01:00:00
来宾市,120,91,120,10,16,1.0,32,PM2.5,2019-02-04 01:00:00
崇左市,92,68,113,3,23,0.8,12,PM2.5,2019-02-04 01:00:00
海口市,22,8,22,5,2,0.4,33,—,2019-02-04 01:00:00
三亚市,24,10,24,4,4,0.4,37,—,2019-02-04 01:00:00
重庆市,90,67,92,13,28,0.9,41,PM2.5,2019-02-04 01:00:00
成都市,93,69,102,7,50,1.0,22,PM2.5,2019-02-04 01:00:00
自贡市,89,66,118,8,34,1.0,32,PM2.5,2019-02-04 01:00:00
攀枝花市,31,15,31,15,23,0.8,52,—,2019-02-04 01:00:00
泸州市,103,77,96,6,45,1.3,14,PM2.5,2019-02-04 01:00:00
德阳市,113,85,115,9,38,1.0,32,PM2.5,2019-02-04 01:00:00
绵阳市,95,71,107,4,43,0.8,13,PM2.5,2019-02-04 01:00:00
广元市,56,19,61,7,34,0.9,26,PM10,2019-02-04 01:00:00
遂宁市,75,46,100,7,40,0.8,15,PM10,2019-02-04 01:00:00
内江市,82,60,91,10,50,1.0,24,PM2.5,2019-02-04 01:00:00
乐山市,129,98,152,11,44,1.0,17,PM2.5,2019-02-04 01:00:00
南充市,97,72,135,8,34,0.9,37,PM2.5,2019-02-04 01:00:00
眉山市,75,55,90,10,36,0.9,28,PM2.5,2019-02-04 01:00:00
宜宾市,110,83,110,12,43,1.2,17,PM2.5,2019-02-04 01:00:00
广安市,78,57,100,6,31,1.1,34,PM2.5,2019-02-04 01:00:00
达州市,82,58,113,8,45,0.9,33,PM10,2019-02-04 01:00:00
雅安市,55,33,60,8,16,0.7,43,PM10,2019-02-04 01:00:00
巴中市,93,62,135,4,29,0.8,13,PM10,2019-02-04 01:00:00
资阳市,84,62,103,4,35,0.8,18,PM2.5,2019-02-04 01:00:00
阿坝州,32,22,24,8,3,0.6,56,—,2019-02-04 01:00:00
甘孜州,31,20,31,14,4,0.4,24,—,2019-02-04 01:00:00
凉山州,27,9,18,17,11,0.9,85,—,2019-02-04 01:00:00
贵阳市,46,32,44,14,9,0.8,62,—,2019-02-04 01:00:00
六盘水市,69,50,66,17,12,0.8,57,PM2.5,2019-02-04 01:00:00
遵义市,52,36,49,14,16,0.6,48,PM2.5,2019-02-04 01:00:00
安顺市,57,40,43,26,8,1.0,56,PM2.5,2019-02-04 01:00:00
铜仁地区,68,46,85,7,5,1.0,74,PM10,2019-02-04 01:00:00
黔西南州,59,42,57,4,12,0.8,41,PM2.5,2019-02-04 01:00:00
毕节市,40,28,40,8,6,0.7,72,—,2019-02-04 01:00:00
黔东南州,69,50,62,12,8,0.8,64,PM2.5,2019-02-04 01:00:00
黔南州,48,33,36,5,6,0.6,55,—,2019-02-04 01:00:00
昆明市,29,18,29,10,24,1.0,49,—,2019-02-04 01:00:00
曲靖市,48,7,48,6,8,0.6,54,—,2019-02-04 01:00:00
玉溪市,45,25,45,10,23,1.4,31,—,2019-02-04 01:00:00
保山市,26,18,22,4,6,0.4,67,—,2019-02-04 01:00:00
昭通市,53,28,56,7,16,1.0,61,PM10,2019-02-04 01:00:00
丽江市,24,5,14,4,4,0.6,74,—,2019-02-04 01:00:00
普洱市,33,22,33,4,16,0.6,28,—,2019-02-04 01:00:00
临沧市,67,48,51,10,7,0.8,43,PM2.5,2019-02-04 01:00:00
楚雄州,44,19,44,10,16,0.8,58,—,2019-02-04 01:00:00
红河州,30,21,30,7,3,0.5,72,—,2019-02-04 01:00:00
文山州,58,41,63,4,9,0.7,42,PM2.5,2019-02-04 01:00:00
西双版纳州,54,38,51,6,24,0.6,22,PM2.5,2019-02-04 01:00:00
大理州,27,8,12,4,4,0.6,86,—,2019-02-04 01:00:00
德宏州,49,34,44,6,23,1.0,26,—,2019-02-04 01:00:00
怒江州,29,20,21,8,4,0.9,56,—,2019-02-04 01:00:00
迪庆州,24,14,—,4,2,0.4,75,—,2019-02-04 01:00:00
拉萨市,47,28,47,6,32,1.2,36,—,2019-02-04 01:00:00
昌都市,28,14,28,3,7,1.1,42,—,2019-02-04 01:00:00
山南市,24,10,20,4,7,0.6,75,—,2019-02-04 01:00:00
日喀则市,21,10,18,8,8,0.4,66,—,2019-02-04 01:00:00
那曲地区,68,49,80,3,6,1.4,32,PM2.5,2019-02-04 01:00:00
阿里地区,29,7,10,31,57,0.8,27,—,2019-02-04 01:00:00
林芝市,29,8,13,3,3,0.6,90,—,2019-02-04 01:00:00
西安市,69,43,87,9,38,0.7,35,PM10,2019-02-04 01:00:00
铜川市,65,38,80,21,16,0.7,50,PM10,2019-02-04 01:00:00
宝鸡市,77,56,93,6,22,0.9,36,PM2.5,2019-02-04 01:00:00
咸阳市,112,84,109,13,42,0.9,25,PM2.5,2019-02-04 01:00:00
渭南市,72,32,94,8,60,0.8,42,PM10,2019-02-04 01:00:00
延安市,61,27,72,19,45,1.8,11,PM10,2019-02-04 01:00:00
汉中市,160,122,136,9,27,1.7,22,PM2.5,2019-02-04 01:00:00
榆林市,89,66,120,34,40,1.0,32,PM2.5,2019-02-04 01:00:00
安康市,81,52,112,13,20,0.9,24,PM10,2019-02-04 01:00:00
商洛市,67,33,84,4,13,0.6,52,PM10,2019-02-04 01:00:00
兰州市,66,33,81,14,46,1.0,28,PM10,2019-02-04 01:00:00
嘉峪关市,26,10,20,2,8,0.4,82,—,2019-02-04 01:00:00
金昌市,22,6,18,34,11,0.6,69,—,2019-02-04 01:00:00
白银市,61,32,72,130,20,1.0,42,PM10,2019-02-04 01:00:00
天水市,67,45,84,18,22,1.0,34,PM10,2019-02-04 01:00:00
武威市,54,38,48,8,26,1.2,46,PM2.5,2019-02-04 01:00:00
张掖市,35,24,34,16,8,0.4,60,—,2019-02-04 01:00:00
平凉市,73,30,96,16,28,1.1,34,PM10,2019-02-04 01:00:00
酒泉市,39,27,30,14,16,0.5,65,—,2019-02-04 01:00:00
庆阳市,62,28,74,18,14,0.5,65,PM10,2019-02-04 01:00:00
定西市,65,40,80,16,27,1.2,35,PM10,2019-02-04 01:00:00
陇南市,59,33,68,17,37,1.4,35,PM10,2019-02-04 01:00:00
临夏州,70,39,90,30,32,1.8,18,PM10,2019-02-04 01:00:00
甘南州,55,32,59,20,20,0.8,66,PM10,2019-02-04 01:00:00
西宁市,67,47,84,19,49,1.4,26,PM10,2019-02-04 01:00:00
海东地区,80,59,93,16,28,1.0,23,PM2.5,2019-02-04 01:00:00
海北州,30,21,27,13,6,0.8,86,—,2019-02-04 01:00:00
黄南州,61,37,72,16,16,1.2,35,PM10,2019-02-04 01:00:00
海南州,38,26,35,10,8,0.6,68,—,2019-02-04 01:00:00
果洛州,35,10,35,19,6,0.6,78,—,2019-02-04 01:00:00
玉树州,32,6,32,2,2,0.5,76,—,2019-02-04 01:00:00
海西州,30,12,30,13,7,0.6,79,—,2019-02-04 01:00:00
银川市,81,25,112,11,13,0.7,66,PM10,2019-02-04 01:00:00
石嘴山市,81,43,111,27,27,1.2,45,PM10,2019-02-04 01:00:00
吴忠市,109,60,168,19,34,1.2,21,PM10,2019-02-04 01:00:00
固原市,72,37,93,13,44,1.1,32,PM10,2019-02-04 01:00:00
中卫市,127,96,195,19,38,1.4,27,PM2.5,2019-02-04 01:00:00
乌鲁木齐市,114,86,101,10,66,1.6,18,PM2.5,2019-02-04 01:00:00
克拉玛依市,50,21,50,4,29,0.9,51,—,2019-02-04 01:00:00
吐鲁番地区,129,66,208,20,48,2.6,18,PM10,2019-02-04 01:00:00
哈密地区,123,45,196,4,24,2.8,37,PM10,2019-02-04 01:00:00
昌吉州,152,116,154,18,72,1.3,13,PM2.5,2019-02-04 01:00:00
博州,74,48,97,5,36,2.3,34,PM10,2019-02-04 01:00:00
库尔勒市,500,129,774,6,12,0.5,54,PM10,2019-02-04 01:00:00
阿克苏地区,500,159,609,14,64,2.4,14,PM10,2019-02-04 01:00:00
克州,199,94,348,5,20,1.0,45,PM10,2019-02-04 01:00:00
喀什地区,490,247,590,18,70,5.4,8,PM10,2019-02-04 01:00:00
和田地区,246,81,382,22,46,1.0,25,PM10,2019-02-04 01:00:00
伊犁哈萨克州,160,122,154,33,91,5.0,12,PM2.5,2019-02-04 01:00:00
塔城地区,30,21,30,3,3,0.7,75,—,2019-02-04 01:00:00
阿勒泰地区,25,17,—,2,13,1.0,28,—,2019-02-04 01:00:00
石河子市,97,72,86,7,57,1.3,26,PM2.5,2019-02-04 01:00:00
五家渠市,114,86,118,10,40,1.4,30,PM2.5,2019-02-04 01:00:00
北京市,53,11,56,2,16,0.3,52,PM10,2019-02-04 02:00:00
天津市,132,49,214,10,24,0.9,42,PM10,2019-02-04 02:00:00
石家庄市,120,41,189,18,51,1.1,22,PM10,2019-02-04 02:00:00
唐山市,55,33,60,11,14,0.6,51,PM10,2019-02-04 02:00:00
秦皇岛市,51,22,51,11,16,0.8,56,PM10,2019-02-04 02:00:00
邯郸市,276,226,337,32,63,2.8,6,PM2.5,2019-02-04 02:00:00
邢台市,254,204,299,26,62,2.5,14,PM2.5,2019-02-04 02:00:00
保定市,89,38,128,34,19,0.8,50,PM10,2019-02-04 02:00:00
承德市,54,19,58,6,17,0.8,39,PM10,2019-02-04 02:00:00
沧州市,93,38,135,18,14,0.9,56,PM10,2019-02-04 02:00:00
廊坊市,59,21,67,4,13,0.5,58,PM10,2019-02-04 02:00:00
衡水市,211,161,232,23,37,1.7,40,PM2.5,2019-02-04 02:00:00
张家口市,54,22,58,6,5,0.6,63,PM10,2019-02-04 02:00:00
太原市,100,48,149,33,37,0.9,34,PM10,2019-02-04 02:00:00
大同市,70,22,90,22,18,0.8,56,PM10,2019-02-04 02:00:00
阳泉市,69,34,88,41,28,0.7,45,PM10,2019-02-04 02:00:00
长治市,59,23,68,24,34,1.0,46,PM10,2019-02-04 02:00:00
晋城市,61,17,72,13,18,0.7,60,PM10,2019-02-04 02:00:00
朔州市,80,19,109,7,5,0.5,80,PM10,2019-02-04 02:00:00
晋中市,88,65,123,60,42,1.1,18,PM2.5,2019-02-04 02:00:00
运城市,107,80,145,34,43,1.6,30,PM2.5,2019-02-04 02:00:00
忻州市,73,16,95,20,11,0.5,73,PM10,2019-02-04 02:00:00
临汾市,99,74,120,58,29,1.4,27,PM2.5,2019-02-04 02:00:00
吕梁市,107,56,164,90,23,0.9,37,PM10,2019-02-04 02:00:00
呼和浩特市,87,37,123,18,25,1.0,44,PM10,2019-02-04 02:00:00
包头市,87,46,123,22,37,1.3,33,PM10,2019-02-04 02:00:00
乌海市,73,28,95,42,19,1.2,55,PM10,2019-02-04 02:00:00
赤峰市,46,28,46,34,19,0.9,32,—,2019-02-04 02:00:00
通辽市,43,25,43,15,20,0.7,41,—,2019-02-04 02:00:00
鄂尔多斯市,73,19,95,15,13,0.5,66,PM10,2019-02-04 02:00:00
呼伦贝尔市,29,20,26,4,6,0.3,62,—,2019-02-04 02:00:00
巴彦淖尔市,88,36,125,8,6,0.5,70,PM10,2019-02-04 02:00:00
乌兰察布市,67,16,83,19,5,0.3,84,PM10,2019-02-04 02:00:00
兴安盟,26,18,26,5,6,0.2,62,—,2019-02-04 02:00:00
锡林郭勒盟,17,4,11,5,2,0.2,52,—,2019-02-04 02:00:00
阿拉善盟,66,37,82,8,6,0.5,87,PM10,2019-02-04 02:00:00
沈阳市,52,15,53,12,13,0.5,53,PM10,2019-02-04 02:00:00
大连市,54,19,58,12,11,0.6,61,PM10,2019-02-04 02:00:00
瓦房店市,64,20,77,20,18,0.6,58,PM10,2019-02-04 02:00:00
鞍山市,65,27,80,18,23,0.8,44,PM10,2019-02-04 02:00:00
抚顺市,33,10,33,14,10,0.4,60,—,2019-02-04 02:00:00
本溪市,51,12,51,10,10,0.7,50,PM10,2019-02-04 02:00:00
丹东市,56,24,61,11,6,0.5,62,PM10,2019-02-04 02:00:00
锦州市,33,18,33,28,14,0.7,50,—,2019-02-04 02:00:00
营口市,53,21,56,13,14,0.5,49,PM10,2019-02-04 02:00:00
阜新市,50,29,50,41,12,0.6,44,—,2019-02-04 02:00:00
辽阳市,57,20,63,11,12,0.6,47,PM10,2019-02-04 02:00:00
盘锦市,33,16,33,13,10,0.9,54,—,2019-02-04 02:00:00
铁岭市,28,15,28,6,8,0.1,59,—,2019-02-04 02:00:00
朝阳市,54,38,58,32,21,1.3,28,"PM10,PM2.5",2019-02-04 02:00:00
葫芦岛市,33,18,33,24,16,0.8,53,—,2019-02-04 02:00:00
长春市,33,23,30,10,9,0.6,57,—,2019-02-04 02:00:00
吉林市,83,61,99,8,15,0.7,58,PM2.5,2019-02-04 02:00:00
四平市,53,20,56,5,5,0.4,55,PM10,2019-02-04 02:00:00
辽源市,69,50,70,23,4,0.6,61,PM2.5,2019-02-04 02:00:00
通化市,58,38,66,6,12,0.6,56,PM10,2019-02-04 02:00:00
白山市,71,44,92,11,6,0.8,68,PM10,2019-02-04 02:00:00
松原市,55,38,60,4,6,0.4,48,PM10,2019-02-04 02:00:00
白城市,28,—,—,16,56,1.1,42,—,2019-02-04 02:00:00
延边州,65,32,80,19,9,0.6,64,PM10,2019-02-04 02:00:00
哈尔滨市,26,13,26,27,10,0.5,53,—,2019-02-04 02:00:00
齐齐哈尔市,17,8,12,15,6,0.4,54,—,2019-02-04 02:00:00
鸡西市,34,18,34,3,6,0.5,59,—,2019-02-04 02:00:00
鹤岗市,34,22,34,7,4,0.5,59,—,2019-02-04 02:00:00
双鸭山市,38,26,—,7,9,0.4,46,—,2019-02-04 02:00:00
大庆市,25,15,25,11,8,0.3,63,—,2019-02-04 02:00:00
伊春市,26,18,23,4,5,0.3,52,—,2019-02-04 02:00:00
佳木斯市,27,12,27,8,7,0.6,58,—,2019-02-04 02:00:00
七台河市,44,26,44,8,8,0.4,59,—,2019-02-04 02:00:00
牡丹江市,46,30,46,1,6,0.3,61,—,2019-02-04 02:00:00
黑河市,32,20,32,14,12,0.7,46,—,2019-02-04 02:00:00
绥化市,17,8,17,4,2,0.4,45,—,2019-02-04 02:00:00
大兴安岭地区,67,39,83,45,24,0.8,29,PM10,2019-02-04 02:00:00
上海市,203,153,153,9,43,1.7,21,PM2.5,2019-02-04 02:00:00
南京市,176,133,168,7,44,1.5,12,PM2.5,2019-02-04 02:00:00
无锡市,152,116,141,7,31,1.7,20,PM2.5,2019-02-04 02:00:00
江阴市,198,148,176,9,35,1.8,21,PM2.5,2019-02-04 02:00:00
宜兴市,138,105,126,11,15,2.2,31,PM2.5,2019-02-04 02:00:00
徐州市,185,139,210,7,51,2.0,4,PM2.5,2019-02-04 02:00:00
常州市,144,110,140,6,34,1.4,20,PM2.5,2019-02-04 02:00:00
溧阳市,127,96,146,2,19,1.8,24,PM2.5,2019-02-04 02:00:00
金坛市,145,111,145,13,29,2.2,19,PM2.5,2019-02-04 02:00:00
苏州市,179,135,147,8,28,1.6,23,PM2.5,2019-02-04 02:00:00
常熟市,204,154,195,14,30,1.6,31,PM2.5,2019-02-04 02:00:00
张家港市,202,152,181,4,34,1.8,22,PM2.5,2019-02-04 02:00:00
昆山市,163,124,156,8,28,2.0,22,PM2.5,2019-02-04 02:00:00
吴江市,188,141,154,10,25,1.5,37,PM2.5,2019-02-04 02:00:00
太仓市,195,146,171,13,32,2.3,14,PM2.5,2019-02-04 02:00:00
南通市,203,153,179,6,20,1.6,24,PM2.5,2019-02-04 02:00:00
海门市,221,171,180,9,27,1.9,36,PM2.5,2019-02-04 02:00:00
连云港市,138,105,204,22,48,2.0,15,PM2.5,2019-02-04 02:00:00
淮安市,193,145,220,5,38,2.0,16,PM2.5,2019-02-04 02:00:00
盐城市,212,162,236,4,26,1.5,33,PM2.5,2019-02-04 02:00:00
扬州市,198,148,167,7,22,1.4,31,PM2.5,2019-02-04 02:00:00
镇江市,202,152,162,4,38,1.4,20,PM2.5,2019-02-04 02:00:00
句容市,128,97,152,4,22,1.8,25,PM2.5,2019-02-04 02:00:00
泰州市,180,136,172,4,29,1.6,15,PM2.5,2019-02-04 02:00:00
宿迁市,186,140,223,6,43,2.1,14,PM2.5,2019-02-04 02:00:00
杭州市,128,97,121,7,15,1.2,46,PM2.5,2019-02-04 02:00:00
富阳市,88,65,84,2,3,1.4,30,PM2.5,2019-02-04 02:00:00
临安市,74,54,88,3,2,1.3,22,PM2.5,2019-02-04 02:00:00
宁波市,125,95,111,8,16,1.4,56,PM2.5,2019-02-04 02:00:00
温州市,78,57,102,6,14,1.3,42,PM2.5,2019-02-04 02:00:00
嘉兴市,150,115,140,5,24,1.3,34,PM2.5,2019-02-04 02:00:00
湖州市,128,97,125,6,18,1.3,37,PM2.5,2019-02-04 02:00:00
诸暨市,68,—,86,2,12,1.1,57,PM10,2019-02-04 02:00:00
金华市,60,43,48,4,12,0.9,53,PM2.5,2019-02-04 02:00:00
义乌市,—,—,—,—,—,—,—,—,2019-02-04 02:00:00
衢州市,64,46,58,3,9,0.9,49,PM2.5,2019-02-04 02:00:00
舟山市,118,89,123,6,20,1.5,46,PM2.5,2019-02-04 02:00:00
台州市,55,34,60,3,8,0.8,72,PM10,2019-02-04 02:00:00
丽水市,46,32,43,6,7,0.8,74,—,2019-02-04 02:00:00
绍兴市,138,105,120,6,14,1.2,50,PM2.5,2019-02-04 02:00:00
合肥市,173,131,130,3,36,1.6,12,PM2.5,2019-02-04 02:00:00
芜湖市,166,126,130,7,35,1.5,24,PM2.5,2019-02-04 02:00:00
蚌埠市,206,156,208,7,44,1.8,23,PM2.5,2019-02-04 02:00:00
淮南市,207,157,205,12,42,1.6,30,PM2.5,2019-02-04 02:00:00
马鞍山市,155,118,148,13,46,1.6,7,PM2.5,2019-02-04 02:00:00
淮北市,182,137,191,9,54,2.0,8,PM2.5,2019-02-04 02:00:00
铜陵市,128,97,127,9,28,1.4,16,PM2.5,2019-02-04 02:00:00
安庆市,173,131,141,8,13,1.2,47,PM2.5,2019-02-04 02:00:00
黄山市,50,35,48,9,13,0.9,36,—,2019-02-04 02:00:00
滁州市,192,144,180,11,44,1.9,24,PM2.5,2019-02-04 02:00:00
阜阳市,258,208,240,4,35,1.9,31,PM2.5,2019-02-04 02:00:00
宿州市,202,152,208,6,38,1.7,25,PM2.5,2019-02-04 02:00:00
六安市,182,137,168,4,43,1.6,14,PM2.5,2019-02-04 02:00:00
亳州市,219,169,204,4,29,1.2,58,PM2.5,2019-02-04 02:00:00
池州市,160,122,170,4,22,1.3,30,PM2.5,2019-02-04 02:00:00
宣城市,78,57,77,6,22,1.1,33,PM2.5,2019-02-04 02:00:00
福州市,115,87,104,4,36,1.3,19,PM2.5,2019-02-04 02:00:00
厦门市,47,26,47,4,30,0.5,32,—,2019-02-04 02:00:00
莆田市,248,198,242,14,40,1.7,21,PM2.5,2019-02-04 02:00:00
三明市,31,20,31,5,15,1.1,4,—,2019-02-04 02:00:00
泉州市,79,58,103,10,21,0.6,39,PM2.5,2019-02-04 02:00:00
漳州市,64,34,78,4,23,1.0,22,PM10,2019-02-04 02:00:00
南平市,40,28,31,4,18,0.8,4,—,2019-02-04 02:00:00
龙岩市,19,13,16,5,21,0.4,8,—,2019-02-04 02:00:00
宁德市,63,45,48,7,11,1.2,53,PM2.5,2019-02-04 02:00:00
南昌市,92,68,86,4,10,1.0,54,PM2.5,2019-02-04 02:00:00
景德镇市,44,24,44,5,3,0.5,58,—,2019-02-04 02:00:00
萍乡市,97,72,111,10,11,1.2,48,PM2.5,2019-02-04 02:00:00
九江市,150,115,—,6,15,1.1,29,PM2.5,2019-02-04 02:00:00
新余市,77,56,95,7,12,1.2,50,PM2.5,2019-02-04 02:00:00
鹰潭市,55,39,48,6,8,0.4,70,PM2.5,2019-02-04 02:00:00
赣州市,60,43,70,8,9,1.6,67,"PM10,PM2.5",2019-02-04 02:00:00
吉安市,59,40,68,6,10,0.8,68,PM10,2019-02-04 02:00:00
宜春市,75,55,84,18,18,1.3,51,PM2.5,2019-02-04 02:00:00
抚州市,67,48,72,5,4,0.8,69,PM2.5,2019-02-04 02:00:00
上饶市,52,36,53,5,7,1.0,48,"PM10,PM2.5",2019-02-04 02:00:00
济南市,102,64,153,25,44,1.0,26,PM10,2019-02-04 02:00:00
章丘市,98,44,146,17,16,0.7,52,PM10,2019-02-04 02:00:00
青岛市,136,60,221,11,32,1.0,25,PM10,2019-02-04 02:00:00
胶州市,128,90,206,9,26,1.2,36,PM10,2019-02-04 02:00:00
即墨市,137,66,224,18,32,1.2,34,PM10,2019-02-04 02:00:00
平度市,119,62,188,15,22,1.8,31,PM10,2019-02-04 02:00:00
胶南市,128,61,205,14,14,0.8,60,PM10,2019-02-04 02:00:00
莱西市,115,70,180,16,9,1.0,46,PM10,2019-02-04 02:00:00
淄博市,138,100,226,48,48,2.0,12,PM10,2019-02-04 02:00:00
枣庄市,178,134,250,13,38,1.7,16,PM2.5,2019-02-04 02:00:00
东营市,138,98,226,28,49,1.3,12,PM10,2019-02-04 02:00:00
烟台市,59,21,67,6,12,0.2,62,PM10,2019-02-04 02:00:00
莱州市,96,38,142,12,15,1.1,50,PM10,2019-02-04 02:00:00
蓬莱市,51,21,52,6,6,0.6,84,PM10,2019-02-04 02:00:00
招远市,120,91,186,12,28,2.0,50,PM2.5,2019-02-04 02:00:00
潍坊市,195,146,261,27,47,1.8,14,PM2.5,2019-02-04 02:00:00
寿光市,206,156,325,50,62,2.8,16,PM2.5,2019-02-04 02:00:00
济宁市,152,116,228,25,45,1.6,23,PM2.5,2019-02-04 02:00:00
泰安市,125,84,200,31,48,1.5,36,PM10,2019-02-04 02:00:00
威海市,54,23,58,5,8,0.4,69,PM10,2019-02-04 02:00:00
文登市,53,17,56,3,13,0.8,68,PM10,2019-02-04 02:00:00
荣成市,53,16,56,6,16,0.6,71,PM10,2019-02-04 02:00:00
乳山市,86,24,122,4,16,1.0,54,PM10,2019-02-04 02:00:00